                  epoch,         train/box_loss,         train/cls_loss,         train/dfl_loss,   metrics/precision(B),      metrics/recall(B),       metrics/mAP50(B),    metrics/mAP50-95(B),           val/box_loss,           val/cls_loss,           val/dfl_loss,                 lr/pg0,                 lr/pg1,                 lr/pg2
                      1,                0.93655,                 3.0115,                 1.1365,                0.26079,                0.33131,                0.27534,                0.20849,                0.90636,                 2.8973,                 1.1962,             0.00027471,             0.00027471,             0.00027471
                      2,                0.95636,                 2.2862,                 1.1459,                0.30342,                 0.5412,                0.35624,                0.26672,                0.88173,                 2.6801,                 1.1318,             0.00054144,             0.00054144,             0.00054144
                      3,                0.97181,                 2.1377,                 1.1348,                0.42454,                 0.4646,                0.38851,                0.29451,                0.88752,                 2.4236,                 1.1349,             0.00079718,             0.00079718,             0.00079718
                      4,                0.95215,                 2.0083,                 1.1112,                0.35131,                0.50431,                0.34894,                 0.2472,                0.91936,                 3.1687,                 1.2054,             0.00078352,             0.00078352,             0.00078352
                      5,                0.93421,                 1.8846,                 1.1144,                0.50557,                0.57007,                 0.5533,                0.42576,                0.80935,                 2.1678,                 1.0737,             0.00078352,             0.00078352,             0.00078352
